country,year,iso_code,population,co2,co2_per_capita,co2_growth_prct,cumulative_co2,ghg_excluding_lucf_per_capita,temperature_change_from_ghg,temperature_change_from_co2,methane,nitrous_oxide,primary_energy_consumption
Colombia,1960,COL,15606209.0,16.39,1.05,1.888,209.318,1.705,0.008,0.007,36.207,8.553,
Colombia,1961,COL,16095207.0,18.196,1.131,11.017,227.515,1.799,0.008,0.007,38.075,9.145,
Colombia,1962,COL,16599031.0,19.419,1.17,6.722,246.934,1.833,0.008,0.007,39.124,9.43,
Colombia,1963,COL,17113824.0,21.233,1.241,9.337,268.167,1.906,0.008,0.007,39.755,9.591,
Colombia,1964,COL,17637416.0,21.683,1.229,2.12,289.85,1.871,0.009,0.007,40.422,9.871,
Colombia,1965,COL,18169053.0,22.859,1.258,5.423,312.709,1.877,0.009,0.007,41.262,10.025,97.673
Colombia,1966,COL,18702693.0,23.474,1.255,2.692,336.183,1.858,0.009,0.007,41.902,10.245,109.927
Colombia,1967,COL,19235624.0,24.687,1.283,5.166,360.87,1.874,0.009,0.007,42.794,10.651,115.861
Colombia,1968,COL,19766802.0,26.573,1.344,7.639,387.443,1.929,0.009,0.007,44.163,11.079,120.285
Colombia,1969,COL,20291937.0,28.016,1.381,5.432,415.459,1.944,0.009,0.007,44.845,11.383,121.783
Colombia,1970,COL,20811790.0,28.37,1.363,1.263,443.829,1.903,0.009,0.008,45.832,12.123,133.433
Colombia,1971,COL,21319099.0,30.282,1.42,6.739,474.111,1.984,0.009,0.008,47.49,12.27,132.013
Colombia,1972,COL,21819572.0,31.426,1.44,3.779,505.537,1.988,0.01,0.008,48.624,12.924,152.193
Colombia,1973,COL,22325375.0,33.632,1.506,7.02,539.169,2.044,0.01,0.008,49.305,13.094,147.196
Colombia,1974,COL,22833475.0,36.396,1.594,8.219,575.565,2.125,0.01,0.008,50.836,13.308,164.66
Colombia,1975,COL,23344650.0,35.811,1.534,-1.608,611.377,2.064,0.01,0.008,52.351,13.829,155.635
Colombia,1976,COL,23858815.0,37.983,1.592,6.064,649.359,2.128,0.01,0.008,53.797,14.524,162.258
Colombia,1977,COL,24393499.0,39.244,1.609,3.321,688.604,2.137,0.01,0.008,54.392,14.577,167.654
Colombia,1978,COL,24950342.0,41.539,1.665,5.847,730.143,2.197,0.01,0.008,55.459,14.805,176.187
Colombia,1979,COL,25515627.0,44.272,1.735,6.581,774.415,2.266,0.01,0.008,55.291,14.933,183.328
Colombia,1980,COL,26104503.0,44.18,1.692,-0.208,818.595,2.222,0.01,0.008,55.31,14.996,190.734
Colombia,1981,COL,26713267.0,44.267,1.657,0.197,862.863,2.188,0.01,0.008,56.27,15.0,193.446
Colombia,1982,COL,27338334.0,45.688,1.671,3.209,908.55,2.224,0.011,0.008,57.47,15.746,199.038
Colombia,1983,COL,27988176.0,49.218,1.759,7.727,957.769,2.306,0.011,0.008,56.932,15.462,209.62
Colombia,1984,COL,28642690.0,48.712,1.701,-1.029,1006.481,2.259,0.011,0.008,55.999,15.107,212.379
Colombia,1985,COL,29268470.0,48.091,1.643,-1.275,1054.572,2.213,0.011,0.008,56.633,15.257,219.453
Colombia,1986,COL,29879114.0,48.768,1.632,1.408,1103.339,2.246,0.011,0.008,58.765,15.681,229.963
Colombia,1987,COL,30499471.0,50.138,1.644,2.81,1153.478,2.293,0.011,0.008,61.23,16.374,251.271
Colombia,1988,COL,31130530.0,52.152,1.675,4.016,1205.63,2.323,0.011,0.009,62.094,16.443,251.092
Colombia,1989,COL,31776280.0,53.1,1.671,1.818,1258.73,2.336,0.011,0.009,64.038,16.857,264.485
Colombia,1990,COL,32440064.0,56.857,1.753,7.075,1315.587,2.428,0.011,0.009,65.108,17.134,252.481
Colombia,1991,COL,33098373.0,56.609,1.71,-0.436,1372.196,2.376,0.011,0.009,64.647,17.218,259.169
Colombia,1992,COL,33760571.0,61.341,1.817,8.358,1433.536,2.501,0.011,0.009,66.426,17.095,268.506
Colombia,1993,COL,34441479.0,63.26,1.837,3.129,1496.797,2.507,0.012,0.009,66.912,17.564,292.186
Colombia,1994,COL,35127408.0,66.982,1.907,5.883,1563.778,2.58,0.012,0.009,68.276,17.721,316.39
Colombia,1995,COL,35804670.0,59.35,1.658,-11.394,1623.128,2.38,0.012,0.009,70.357,17.846,323.725
Colombia,1996,COL,36462740.0,59.628,1.635,0.469,1682.756,2.341,0.012,0.009,70.762,17.68,336.599
Colombia,1997,COL,37121155.0,65.096,1.754,9.169,1747.852,2.519,0.012,0.009,72.513,17.873,342.17
Colombia,1998,COL,37792169.0,65.56,1.735,0.713,1813.412,2.518,0.012,0.009,74.174,17.981,346.521
Colombia,1999,COL,38454861.0,55.286,1.438,-15.671,1868.698,2.179,0.012,0.009,71.259,17.287,322.875
Colombia,2000,COL,39089939.0,56.213,1.438,1.677,1924.91,2.198,0.012,0.009,72.859,17.724,314.184
Colombia,2001,COL,39709263.0,56.465,1.422,0.449,1981.376,2.18,0.012,0.009,74.161,18.083,316.865
Colombia,2002,COL,40324684.0,55.417,1.374,-1.857,2036.792,2.132,0.013,0.009,74.683,18.239,316.936
Colombia,2003,COL,40937426.0,57.033,1.393,2.917,2093.826,2.143,0.013,0.009,75.64,18.988,322.863
Colombia,2004,COL,41543177.0,54.324,1.308,-4.751,2148.15,2.04,0.013,0.009,75.899,19.331,339.531
Colombia,2005,COL,42128978.0,60.256,1.43,10.92,2208.406,2.159,0.013,0.009,76.42,18.68,334.302
Colombia,2006,COL,42691081.0,62.466,1.463,3.666,2270.872,2.206,0.013,0.01,77.042,18.758,385.987
Colombia,2007,COL,43235374.0,60.67,1.403,-2.875,2331.542,2.161,0.013,0.01,79.126,20.145,392.271
Colombia,2008,COL,43758805.0,66.982,1.531,10.404,2398.524,2.289,0.013,0.01,80.041,19.528,408.48
Colombia,2009,COL,44271543.0,71.771,1.621,7.149,2470.295,2.399,0.013,0.01,81.006,19.284,403.782
Colombia,2010,COL,44777325.0,75.431,1.685,5.1,2545.726,2.489,0.013,0.01,83.629,19.955,424.601
Colombia,2011,COL,45259614.0,75.191,1.661,-0.318,2620.918,2.503,0.014,0.01,82.241,19.308,443.797
Colombia,2012,COL,45715807.0,78.675,1.721,4.633,2699.593,2.574,0.014,0.01,80.107,18.415,471.933
Colombia,2013,COL,46151583.0,86.445,1.873,9.876,2786.038,2.731,0.014,0.01,80.192,17.903,485.04
Colombia,2014,COL,46565426.0,92.042,1.977,6.474,2878.079,2.841,0.014,0.01,80.08,18.637,510.586
Colombia,2015,COL,46969938.0,91.027,1.938,-1.103,2969.106,2.8,0.014,0.01,78.506,18.066,504.402
Colombia,2016,COL,47437513.0,91.583,1.931,0.611,3060.689,2.782,0.014,0.01,80.052,18.453,548.829
Colombia,2017,COL,48131076.0,83.459,1.734,-8.871,3144.147,2.566,0.014,0.01,82.186,19.356,555.225
Colombia,2018,COL,49024463.0,90.811,1.852,8.809,3234.958,2.671,0.014,0.01,85.284,20.448,571.28
Colombia,2019,COL,49907987.0,98.962,1.983,8.976,3333.92,2.802,0.015,0.011,87.833,20.96,573.736
Colombia,2020,COL,50629997.0,92.305,1.823,-6.727,3426.225,2.569,0.015,0.011,86.613,21.845,517.813
Colombia,2021,COL,51188174.0,103.734,2.027,12.381,3529.959,2.774,0.015,0.011,88.907,22.595,565.815
Colombia,2022,COL,51737944.0,89.437,1.729,-13.782,3619.396,2.477,0.015,0.011,89.58,22.607,627.227
Colombia,2023,COL,52321152.0,89.992,1.72,0.621,3709.388,2.471,0.015,0.011,90.653,22.737,615.308
Colombia,2024,COL,52886360.0,92.659,1.752,2.964,3802.047,2.476,0.015,0.011,91.299,23.444,615.888
